

INSERT INTO CUSTOMERS (CUSTOMER_ID,FIRST_NAME,LAST_NAME,SSN,CUSTOMER_ENTERED_DATE,CUSTOMER_STATUS) VALUES ('ff8081811b8fec55011b92d19e526b00','Carlos','Martinez','741852960',to_timestamp('23-JUL-02 00.16.31.067 PM','DD-MON-RR HH.MI.SSXFF AM'),'ACTIVE');
INSERT INTO CUSTOMERS (CUSTOMER_ID,FIRST_NAME,LAST_NAME,SSN,CUSTOMER_ENTERED_DATE,CUSTOMER_STATUS) VALUES ('ff8081811b8fec55011b92d19e526b01','Jhon','Gonzales','741852961',to_timestamp('20-JUL-08 00.16.31.067 PM','DD-MON-RR HH.MI.SSXFF AM'),'ACTIVE');
INSERT INTO CUSTOMERS (CUSTOMER_ID,FIRST_NAME,LAST_NAME,SSN,CUSTOMER_ENTERED_DATE,CUSTOMER_STATUS) VALUES ('ff8081811b8fec55011b92d19e526b02','Alberth','Smith','741852962',to_timestamp('20-JUL-06 00.16.31.067 PM','DD-MON-RR HH.MI.SSXFF AM'),'ACTIVE');
INSERT INTO CUSTOMERS (CUSTOMER_ID,FIRST_NAME,LAST_NAME,SSN,CUSTOMER_ENTERED_DATE,CUSTOMER_STATUS) VALUES ('ff8081811b8fec55011b92d19e526b03','Camilo','Perez','741852963',to_timestamp('20-JUL-07 00.16.31.067 PM','DD-MON-RR HH.MI.SSXFF AM'),'ACTIVE');
INSERT INTO CUSTOMERS (CUSTOMER_ID,FIRST_NAME,LAST_NAME,SSN,CUSTOMER_ENTERED_DATE,CUSTOMER_STATUS) VALUES ('ff8081811b8fec55011b92d19e526b04','Juan','Rosso','741852964',to_timestamp('20-JUL-08 00.16.31.067 PM','DD-MON-RR HH.MI.SSXFF AM'),'ACTIVE');
INSERT INTO CUSTOMERS (CUSTOMER_ID,FIRST_NAME,LAST_NAME,SSN,CUSTOMER_ENTERED_DATE,CUSTOMER_STATUS) VALUES ('ff8081811b8fec55011b92d19e526b05','Elvira','Mendez','741852965',to_timestamp('20-JUL-08 00.16.31.067 PM','DD-MON-RR HH.MI.SSXFF AM'),'ACTIVE');
INSERT INTO CUSTOMERS (CUSTOMER_ID,FIRST_NAME,LAST_NAME,SSN,CUSTOMER_ENTERED_DATE,CUSTOMER_STATUS) VALUES ('ff8081811b8fec55011b92d19e526b06','Mayra','Baez','741852966',to_timestamp('20-JUL-08 00.16.31.067 PM','DD-MON-RR HH.MI.SSXFF AM'),'ACTIVE');
INSERT INTO CUSTOMERS (CUSTOMER_ID,FIRST_NAME,LAST_NAME,SSN,CUSTOMER_ENTERED_DATE,CUSTOMER_STATUS) VALUES ('ff8081811b8fec55011b92d19e526b07','Elena','Bello','741852967',to_timestamp('20-JUL-08 00.16.31.067 PM','DD-MON-RR HH.MI.SSXFF AM'),'ACTIVE');
INSERT INTO CUSTOMERS (CUSTOMER_ID,FIRST_NAME,LAST_NAME,SSN,CUSTOMER_ENTERED_DATE,CUSTOMER_STATUS) VALUES ('ff8081811b8fec55011b92d19e526b08','Maria','Carmona','741852968',to_timestamp('20-JUL-08 00.16.31.067 PM','DD-MON-RR HH.MI.SSXFF AM'),'ACTIVE');
INSERT INTO CUSTOMERS (CUSTOMER_ID,FIRST_NAME,LAST_NAME,SSN,CUSTOMER_ENTERED_DATE,CUSTOMER_STATUS) VALUES ('ff8081811b8fec55011b92d19e526b09','Emilo','Borth','741852969',to_timestamp('20-JUL-08 00.16.31.067 PM','DD-MON-RR HH.MI.SSXFF AM'),'ACTIVE');

INSERT INTO ADDRESS (ADDRESS_ID,STREET,APARTMENT,STATE,CITY,ZIP_CODE,COUNTRY,CUSTOMER_ID) VALUES (1,'Sprint','B12','NY','NY',12345,'US','ff8081811b8fec55011b92d19e526b00');
INSERT INTO ADDRESS (ADDRESS_ID,STREET,APARTMENT,STATE,CITY,ZIP_CODE,COUNTRY,CUSTOMER_ID) VALUES (2,'Mero','A15','NY','NY',85214, 'US','ff8081811b8fec55011b92d19e526b00');
INSERT INTO ADDRESS (ADDRESS_ID,STREET,APARTMENT,STATE,CITY,ZIP_CODE,COUNTRY,CUSTOMER_ID) VALUES (3,'Apple','C10','LA','FL',85236,'US','ff8081811b8fec55011b92d19e526b00');
INSERT INTO ADDRESS (ADDRESS_ID,STREET,APARTMENT,STATE,CITY,ZIP_CODE,COUNTRY,CUSTOMER_ID) VALUES (4,'Marh','B12','NV','ML',85214,'US','ff8081811b8fec55011b92d19e526b01');
INSERT INTO ADDRESS (ADDRESS_ID,STREET,APARTMENT,STATE,CITY,ZIP_CODE,COUNTRY,CUSTOMER_ID) VALUES (5,'Pinel','A15','NY','NY',12345, 'US','ff8081811b8fec55011b92d19e526b01');
INSERT INTO ADDRESS (ADDRESS_ID,STREET,APARTMENT,STATE,CITY,ZIP_CODE,COUNTRY,CUSTOMER_ID) VALUES (6,'Marh','B12','Nk','ML',85214,'US','ff8081811b8fec55011b92d19e526b02');
INSERT INTO ADDRESS (ADDRESS_ID,STREET,APARTMENT,STATE,CITY,ZIP_CODE,COUNTRY,CUSTOMER_ID) VALUES (7,'Mostrer','A15','Nh','NY',12345, 'US','ff8081811b8fec55011b92d19e526b03');
INSERT INTO ADDRESS (ADDRESS_ID,STREET,APARTMENT,STATE,CITY,ZIP_CODE,COUNTRY,CUSTOMER_ID) VALUES (8,'Marh','B12','Nk','ML',85214,'US','ff8081811b8fec55011b92d19e526b04');
INSERT INTO ADDRESS (ADDRESS_ID,STREET,APARTMENT,STATE,CITY,ZIP_CODE,COUNTRY,CUSTOMER_ID) VALUES (9,'Mostrer','A15','Nh','NY',12345, 'US','ff8081811b8fec55011b92d19e526b04');
INSERT INTO ADDRESS (ADDRESS_ID,STREET,APARTMENT,STATE,CITY,ZIP_CODE,COUNTRY,CUSTOMER_ID) VALUES (10,'Cameron','B17','Nk','ML',85214,'US','ff8081811b8fec55011b92d19e526b05');
INSERT INTO ADDRESS (ADDRESS_ID,STREET,APARTMENT,STATE,CITY,ZIP_CODE,COUNTRY,CUSTOMER_ID) VALUES (11,'Most','D15','Nh','NY',12345, 'US','ff8081811b8fec55011b92d19e526b06');
INSERT INTO ADDRESS (ADDRESS_ID,STREET,APARTMENT,STATE,CITY,ZIP_CODE,COUNTRY,CUSTOMER_ID) VALUES (12,'Cameron','B17','Nk','ML',85214,'US','ff8081811b8fec55011b92d19e526b07');
INSERT INTO ADDRESS (ADDRESS_ID,STREET,APARTMENT,STATE,CITY,ZIP_CODE,COUNTRY,CUSTOMER_ID) VALUES (13,'Most','D15','Nh','NY',12345, 'US','ff8081811b8fec55011b92d19e526b07');
INSERT INTO ADDRESS (ADDRESS_ID,STREET,APARTMENT,STATE,CITY,ZIP_CODE,COUNTRY,CUSTOMER_ID) VALUES (14,'Cameron','B17','Nk','ML',85214,'US','ff8081811b8fec55011b92d19e526b08');
INSERT INTO ADDRESS (ADDRESS_ID,STREET,APARTMENT,STATE,CITY,ZIP_CODE,COUNTRY,CUSTOMER_ID) VALUES (15,'Most','D15','Nh','NY',12345, 'US','ff8081811b8fec55011b92d19e526b09');
--
INSERT INTO ROLE (ROLE_ID,ROLE_NAME) VALUES (1,'ROLE_ADMIN');
INSERT INTO ROLE (ROLE_ID,ROLE_NAME) VALUES (2,'ROLE_USER');





